{
  "_fv": 34,
  "_type": "achievement",
  "definition": {
    "achievementName": "All Recipes Cheat",
    "achievementDescription": "Unlock Recipe Cheat",
    "achievementIcon": {
      "value": "Blocks.BARRIER"
    },
    "background": "Default",
    "disableDisplay": false,
    "showPopup": true,
    "announceToChat": true,
    "hideIfNotCompleted": false,
    "rewardLoot": [],
    "rewardRecipes": [
      "CateriumOreBlockRecipe",
      "CateriumBlockOreRecipe",
      "CateriumOreSmelting",
      "CopperOreSmelting",
      "CopperOreBlockRecipe",
      "CopperBlockOreRecipe",
      "Turbofuelrecipe1",
      "Turbofuelrecipe2",
      "Turbofuelrecipe3",
      "Redstoneingotrecipe",
      "Coppersheetrecipe",
      "CircuitBoardrecipe",
      "Constructorrecipe",
      "HubRECIPE",
      "Steelblocktoingotsrecipe",
      "NodeScannerRecipe",
      "SteelBlockRecipe",
      "GeneratorMK1recipe",
      "ChargerBlockrecipe",
      "MinerMK1recipe",
      "Diamondsteelblockrecipe",
      "Diamondsteeelblocktoingotsrecipe",
      "Foundryrecipe",
      "GeneratorMK2recipe",
      "Diamondsteelpickaxerecipe",
      "Presserrecipe",
      "Diamondsteelaxerecipe",
      "Diamondsteelswordrecipe",
      "Highspeedconenctorrecipe",
      "Electricfurnancemk1recipe",
      "Diamondsteelshovelrecipe",
      "AiLimiterrecipe",
      "Ironextractorrecipe",
      "Cateriumextractorrecipe",
      "Coalextractorrecipe",
      "Copperextractorrecipe",
      "Screwrecipe",
      "Ironplaterecipe",
      "Hardenedcobblerecipe",
      "Hardenedcobbletocbblerecipe",
      "Diamondsteelplaterecipe",
      "Heavyironblockrecipe",
      "DiamondSteelArmorHelmetRecipe",
      "DiamondSteelArmorBodyRecipe",
      "DiamondSteelArmorLeggingsRecipe",
      "DiamondSteelArmorBootsRecipe",
      "Pocketchestrecipe",
      "Cateriumwirerecipe",
      "Cateriumrodrecipe",
      "Diamondscrewrecipe",
      "Solarpanelrecipe",
      "Modularframerecipe",
      "Heavyframerecipe",
      "Concreterecipe",
      "BuilderGUNrecipe",
      "Assemblerrecipue",
      "Concretemixerrecipe",
      "Controlunitrecipe",
      "Sandstoneextractorrecipe",
      "Haarprecipe",
      "Cpurecipe",
      "Armorchargerrecipe",
      "Armorchargermk2recipe",
      "Whiteconcreteslabrecipe",
      "WhiteconcreteStairsrecipe",
      "Orangeconcreteslabrecipe",
      "Orangeconcretestairsrecipe",
      "Magentaconcreteslabrecipe",
      "Magentaconcretestairsrecipe",
      "Lightblueconcreteslabrecipe",
      "Lightblueconcretestairsrecipe",
      "Yellowconcreteslabrecipe",
      "Yellowconcretestairsrecipe",
      "Limeconcreteslabrecipe",
      "Limeconcretestairsrecipe",
      "Pinkconcreteslabrecipe",
      "Pinkconcretestairsrecipe",
      "Grayconcreteslabrecipe",
      "Grayconcretestairsrecipe",
      "Lightgrayconcreteslabrecipe",
      "Lightgrayconcretestairsrecipe",
      "Cyanconcreteslabrecipe",
      "Cyanconcretestairsrecipe",
      "Purpleconcreteslabrecipe",
      "Purpleconcretestairsrecipe",
      "Blueconcreteslabrecipe",
      "Blueconcretestairsrecipe",
      "Brownconcreteslabrecipe",
      "Brownconcretestairsrecipe",
      "Greenconcreteslabrecipe",
      "Greenconcretestairsrecipe",
      "RedConcreteslabrecipe",
      "Redconcretestairsrecipe",
      "Blackconcreteslabrecipe",
      "Blackconcretestairsrecipe",
      "EmptyModulerecipe",
      "Sunnymodulerecipe",
      "Permanightmodulerecipe",
      "Rainmodulerecipe",
      "Daymodulerecipe"
    ],
    "rewardFunction": "No function",
    "rewardXP": 1,
    "achievementType": "goal",
    "parent": {
      "value": "No parent: root"
    },
    "triggerxml": "<xml xmlns=\"https://developers.google.com/blockly/xml\"><block type=\"custom_trigger\" x=\"168\" y=\"123\"><next><block type=\"advancement_trigger\" deletable=\"false\"></block></next></block></xml>"
  }
}