{
  "_fv": 34,
  "_type": "gui",
  "definition": {
    "type": 1,
    "width": 176,
    "height": 166,
    "inventoryOffsetX": 0,
    "inventoryOffsetY": 0,
    "renderBgLayer": true,
    "doesPauseGame": false,
    "components": [
      {
        "type": "inputslot",
        "data": {
          "inputLimit": {
            "value": ""
          },
          "id": 0,
          "disableStackInteraction": false,
          "dropItemsWhenNotBound": true,
          "name": "Slot #0",
          "x": 177,
          "y": 65
        }
      },
      {
        "type": "label",
        "data": {
          "text": "Auto Sell",
          "color": {
            "value": -12829636,
            "falpha": 0.0
          },
          "name": "Auto Sell",
          "x": 187,
          "y": 42
        }
      },
      {
        "type": "label",
        "data": {
          "text": "Owner: <BNBT:text:owner>",
          "color": {
            "value": -12829636,
            "falpha": 0.0
          },
          "name": "Owner: <BNBT:text:owner>",
          "x": 132,
          "y": 106
        }
      },
      {
        "type": "outputslot",
        "data": {
          "id": 1,
          "disableStackInteraction": false,
          "dropItemsWhenNotBound": true,
          "name": "Slot #1",
          "x": 232,
          "y": 65
        }
      }
    ],
    "gridSettings": {
      "sx": 18,
      "sy": 18,
      "ox": 11,
      "oy": 15,
      "snapOnGrid": false
    }
  }
}