{
  "_fv": 24,
  "_type": "tool",
  "definition": {
    "renderType": 0,
    "texture": "hand_builder",
    "customModelName": "Normal",
    "name": "Builder Gun",
    "specialInfo": [],
    "creativeTab": {
      "value": "CUSTOM:ProjectMEGA"
    },
    "toolType": "Special",
    "harvestLevel": 0,
    "efficiency": 0.0,
    "attackSpeed": 1.0,
    "enchantability": 22,
    "damageVsEntity": 4.0,
    "usageCount": 750,
    "blocksAffected": [],
    "hasGlow": false,
    "repairItems": [],
    "immuneToFire": false,
    "stayInGridWhenCrafting": false,
    "damageOnCrafting": false,
    "onRightClickedInAir": {
      "name": "BuildertoolRightClickedInAir"
    }
  }
}