{
  "_fv": 24,
  "_type": "recipe",
  "definition": {
    "recipeType": "Crafting",
    "xpReward": 0.0,
    "cookingTime": 200,
    "recipeRetstackSize": 1,
    "group": "centralstoragechcest",
    "recipeShapeless": false,
    "recipeSlots": [
      {
        "value": "CUSTOM:CircuitBoarditem"
      },
      {
        "value": "Blocks.HOPPER"
      },
      {
        "value": "CUSTOM:CircuitBoarditem"
      },
      {
        "value": "CUSTOM:CircuitBoarditem"
      },
      {
        "value": ""
      },
      {
        "value": "CUSTOM:CircuitBoarditem"
      },
      {
        "value": "CUSTOM:Heavyframe"
      },
      {
        "value": "CUSTOM:Heavyframe"
      },
      {
        "value": "CUSTOM:Heavyframe"
      }
    ],
    "recipeReturnStack": {
      "value": "CUSTOM:CentralStorageChest"
    },
    "name": "central_storage_chest_recipe",
    "namespace": "mod"
  }
}