{
  "_fv": 24,
  "_type": "recipe",
  "definition": {
    "recipeType": "Crafting",
    "xpReward": 0.0,
    "cookingTime": 200,
    "recipeRetstackSize": 1,
    "group": "charger",
    "recipeShapeless": false,
    "recipeSlots": [
      {
        "value": "Blocks.STONE#0"
      },
      {
        "value": "CUSTOM:CopperSheetItem"
      },
      {
        "value": "Blocks.STONE#0"
      },
      {
        "value": "Blocks.STONE#0"
      },
      {
        "value": "CUSTOM:Redstoneingotitem"
      },
      {
        "value": "Blocks.STONE#0"
      },
      {
        "value": "Blocks.STONE#0"
      },
      {
        "value": "CUSTOM:CopperSheetItem"
      },
      {
        "value": "Blocks.STONE#0"
      }
    ],
    "recipeReturnStack": {
      "value": "CUSTOM:Chargerblock"
    },
    "name": "charger_blockrecipe",
    "namespace": "mod"
  }
}