{
  "_fv": 24,
  "_type": "recipe",
  "definition": {
    "recipeType": "Crafting",
    "xpReward": 0.0,
    "cookingTime": 200,
    "recipeRetstackSize": 1,
    "group": "circuitboard",
    "recipeShapeless": false,
    "recipeSlots": [
      {
        "value": "CUSTOM:CateriumIngot"
      },
      {
        "value": "CUSTOM:CopperSheetItem"
      },
      {
        "value": "CUSTOM:CateriumIngot"
      },
      {
        "value": "CUSTOM:CateriumIngot"
      },
      {
        "value": "CUSTOM:CopperSheetItem"
      },
      {
        "value": "CUSTOM:CateriumIngot"
      },
      {
        "value": "CUSTOM:CateriumIngot"
      },
      {
        "value": "CUSTOM:CopperSheetItem"
      },
      {
        "value": "CUSTOM:CateriumIngot"
      }
    ],
    "recipeReturnStack": {
      "value": "CUSTOM:CircuitBoarditem"
    },
    "name": "circuit_boardrecipe",
    "namespace": "mod"
  }
}