{
  "_fv": 24,
  "_type": "recipe",
  "definition": {
    "recipeType": "Crafting",
    "xpReward": 0.0,
    "cookingTime": 200,
    "recipeRetstackSize": 1,
    "group": "compressormachine",
    "recipeShapeless": false,
    "recipeSlots": [
      {
        "value": "CUSTOM:DiamondSteelblock"
      },
      {
        "value": "CUSTOM:ControlUnit"
      },
      {
        "value": "CUSTOM:DiamondSteelblock"
      },
      {
        "value": "CUSTOM:DiamondSteelblock"
      },
      {
        "value": "CUSTOM:Cpu"
      },
      {
        "value": "CUSTOM:DiamondSteelblock"
      },
      {
        "value": "CUSTOM:DiamondSteelblock"
      },
      {
        "value": "CUSTOM:DiamondSteelblock"
      },
      {
        "value": "CUSTOM:DiamondSteelblock"
      }
    ],
    "recipeReturnStack": {
      "value": "CUSTOM:Compressor"
    },
    "name": "compressor_recipe",
    "namespace": "mod"
  }
}