{
  "_fv": 24,
  "_type": "recipe",
  "definition": {
    "recipeType": "Crafting",
    "xpReward": 0.0,
    "cookingTime": 200,
    "recipeRetstackSize": 1,
    "group": "concretemixer",
    "recipeShapeless": false,
    "recipeSlots": [
      {
        "value": "CUSTOM:SteelBlock"
      },
      {
        "value": "CUSTOM:AiLimiteritem"
      },
      {
        "value": "CUSTOM:SteelBlock"
      },
      {
        "value": "CUSTOM:Ironplate"
      },
      {
        "value": ""
      },
      {
        "value": "CUSTOM:Ironplate"
      },
      {
        "value": "CUSTOM:SteelBlock"
      },
      {
        "value": "CUSTOM:Ironplate"
      },
      {
        "value": "CUSTOM:SteelBlock"
      }
    ],
    "recipeReturnStack": {
      "value": "CUSTOM:Concretemixer"
    },
    "name": "concretemixerrecipe",
    "namespace": "mod"
  }
}