{
  "_fv": 34,
  "_type": "achievement",
  "definition": {
    "achievementName": "Copper",
    "achievementDescription": "Cooper!",
    "achievementIcon": {
      "value": "CUSTOM:CopperSheetItem"
    },
    "background": "Default",
    "disableDisplay": false,
    "showPopup": true,
    "announceToChat": true,
    "hideIfNotCompleted": false,
    "rewardLoot": [],
    "rewardRecipes": [
      "CopperOreSmelting",
      "CopperOreBlockRecipe",
      "CopperBlockOreRecipe",
      "Coppersheetrecipe"
    ],
    "rewardFunction": "No function",
    "rewardXP": 500,
    "achievementType": "goal",
    "parent": {
      "value": "CUSTOM:HubCraftedAchievment"
    },
    "triggerxml": "<xml xmlns=\"https://developers.google.com/blockly/xml\"><block type=\"item_in_inventory\" x=\"30\" y=\"14\"><value name=\"amount_l\"><block type=\"math_number\"><field name=\"NUM\">1</field></block></value><value name=\"amount_h\"><block type=\"math_number\"><field name=\"NUM\">1</field></block></value><value name=\"item\"><block type=\"mcitem_all\"><field name=\"value\">CUSTOM:CopperIngot</field></block></value><next><block type=\"advancement_trigger\" deletable=\"false\"></block></next></block></xml>"
  }
}