{
  "_fv": 24,
  "_type": "recipe",
  "definition": {
    "recipeType": "Crafting",
    "xpReward": 0.0,
    "cookingTime": 200,
    "recipeRetstackSize": 1,
    "group": "diamond_steel_block",
    "recipeShapeless": false,
    "recipeSlots": [
      {
        "value": "CUSTOM:Diamondsteelitem"
      },
      {
        "value": "CUSTOM:Diamondsteelitem"
      },
      {
        "value": "CUSTOM:Diamondsteelitem"
      },
      {
        "value": "CUSTOM:Diamondsteelitem"
      },
      {
        "value": "CUSTOM:Diamondsteelitem"
      },
      {
        "value": "CUSTOM:Diamondsteelitem"
      },
      {
        "value": "CUSTOM:Diamondsteelitem"
      },
      {
        "value": "CUSTOM:Diamondsteelitem"
      },
      {
        "value": "CUSTOM:Diamondsteelitem"
      }
    ],
    "recipeReturnStack": {
      "value": "CUSTOM:DiamondSteelblock"
    },
    "name": "diamondsteelblockrecipe",
    "namespace": "mod"
  }
}