{
  "_fv": 24,
  "_type": "recipe",
  "definition": {
    "recipeType": "Crafting",
    "xpReward": 0.0,
    "cookingTime": 200,
    "recipeRetstackSize": 1,
    "group": "eleectricfurnanacemk1",
    "recipeShapeless": false,
    "recipeSlots": [
      {
        "value": "CUSTOM:Heavyironblock"
      },
      {
        "value": "CUSTOM:Heavyironblock"
      },
      {
        "value": "CUSTOM:Heavyironblock"
      },
      {
        "value": "CUSTOM:CircuitBoarditem"
      },
      {
        "value": "CUSTOM:Highspeedconectoritem"
      },
      {
        "value": "CUSTOM:CircuitBoarditem"
      },
      {
        "value": "CUSTOM:SteelBlock"
      },
      {
        "value": "Blocks.BLAST_FURNACE"
      },
      {
        "value": "CUSTOM:SteelBlock"
      }
    ],
    "recipeReturnStack": {
      "value": "CUSTOM:ElectricFurnanceMK1"
    },
    "name": "electricfurnancemk_1rec",
    "namespace": "mod"
  }
}