{
  "_fv": 24,
  "_type": "recipe",
  "definition": {
    "recipeType": "Crafting",
    "xpReward": 0.0,
    "cookingTime": 200,
    "recipeRetstackSize": 1,
    "group": "generatormk3recipe",
    "recipeShapeless": false,
    "recipeSlots": [
      {
        "value": "CUSTOM:Generatormk2"
      },
      {
        "value": "CUSTOM:TwoCoreCPU"
      },
      {
        "value": "CUSTOM:Generatormk2"
      },
      {
        "value": "CUSTOM:BlackOpalIngot"
      },
      {
        "value": "CUSTOM:BlackOpal"
      },
      {
        "value": "CUSTOM:BlackOpalIngot"
      },
      {
        "value": "CUSTOM:Generatormk2"
      },
      {
        "value": "CUSTOM:HeavyDiamondSteel"
      },
      {
        "value": "CUSTOM:Generatormk2"
      }
    ],
    "recipeReturnStack": {
      "value": "CUSTOM:Generatormk3"
    },
    "name": "generatormk_3recipe",
    "namespace": "mod"
  }
}