{
  "_fv": 24,
  "_type": "recipe",
  "definition": {
    "recipeType": "Crafting",
    "xpReward": 0.0,
    "cookingTime": 200,
    "recipeRetstackSize": 1,
    "group": "hardened_cobble",
    "recipeShapeless": false,
    "recipeSlots": [
      {
        "value": "Blocks.COBBLESTONE"
      },
      {
        "value": "Blocks.COBBLESTONE"
      },
      {
        "value": "Blocks.COBBLESTONE"
      },
      {
        "value": "Blocks.COBBLESTONE"
      },
      {
        "value": "Blocks.COBBLESTONE"
      },
      {
        "value": "Blocks.COBBLESTONE"
      },
      {
        "value": "Blocks.COBBLESTONE"
      },
      {
        "value": "Blocks.COBBLESTONE"
      },
      {
        "value": "Blocks.COBBLESTONE"
      }
    ],
    "recipeReturnStack": {
      "value": "CUSTOM:Hardenedcobble"
    },
    "name": "hardenedcobblerecipe",
    "namespace": "mod"
  }
}