{
  "_fv": 34,
  "_type": "gui",
  "definition": {
    "type": 1,
    "width": 176,
    "height": 172,
    "inventoryOffsetX": 0,
    "inventoryOffsetY": 5,
    "renderBgLayer": true,
    "doesPauseGame": false,
    "components": [
      {
        "type": "label",
        "data": {
          "text": "Manufacturer",
          "color": {
            "value": -12829636,
            "falpha": 0.0
          },
          "name": "Manufacturer",
          "x": 181,
          "y": 38
        }
      },
      {
        "type": "label",
        "data": {
          "text": "Recipe: <BNBT:text:Recipe>",
          "color": {
            "value": -12829636,
            "falpha": 0.0
          },
          "name": "Recipe: <BNBT:text:Recipe>",
          "x": 144,
          "y": 87
        }
      },
      {
        "type": "button",
        "data": {
          "text": "Change Recipe",
          "onClick": {
            "name": "ManufacturerChangeRecipeButton"
          },
          "width": 93,
          "height": 20,
          "name": "Change Recipe",
          "x": 164,
          "y": 100
        }
      },
      {
        "type": "outputslot",
        "data": {
          "id": 0,
          "disableStackInteraction": false,
          "dropItemsWhenNotBound": true,
          "name": "Slot #0",
          "x": 201,
          "y": 50
        }
      },
      {
        "type": "image",
        "data": {
          "image": "mamguienergy.png",
          "use1Xscale": false,
          "displayCondition": {
            "name": "GeneratorWorkingLabel"
          },
          "name": "mamguienergy.png",
          "x": 187,
          "y": 69
        }
      },
      {
        "type": "label",
        "data": {
          "text": "Working",
          "color": {
            "value": -13369600,
            "falpha": 0.0
          },
          "displayCondition": {
            "name": "GeneratorWorkingLabel"
          },
          "name": "Working",
          "x": 207,
          "y": 73
        }
      }
    ],
    "gridSettings": {
      "sx": 18,
      "sy": 18,
      "ox": 11,
      "oy": 15,
      "snapOnGrid": false
    }
  }
}