{
  "_fv": 24,
  "_type": "recipe",
  "definition": {
    "recipeType": "Crafting",
    "xpReward": 0.0,
    "cookingTime": 200,
    "recipeRetstackSize": 1,
    "group": "manufacturerrecipe",
    "recipeShapeless": false,
    "recipeSlots": [
      {
        "value": "CUSTOM:Diamondsteelplate"
      },
      {
        "value": "CUSTOM:Diamondsteelplate"
      },
      {
        "value": "CUSTOM:Diamondsteelplate"
      },
      {
        "value": "CUSTOM:Diamondsteelplate"
      },
      {
        "value": "CUSTOM:Cpu"
      },
      {
        "value": "CUSTOM:Diamondsteelplate"
      },
      {
        "value": "CUSTOM:Heavyframe"
      },
      {
        "value": "CUSTOM:Heavyframe"
      },
      {
        "value": "CUSTOM:Heavyframe"
      }
    ],
    "recipeReturnStack": {
      "value": "CUSTOM:Manufacturer"
    },
    "name": "manufacturer_recipe",
    "namespace": "mod"
  }
}