{
  "_fv": 24,
  "_type": "recipe",
  "definition": {
    "recipeType": "Crafting",
    "xpReward": 0.0,
    "cookingTime": 200,
    "recipeRetstackSize": 1,
    "group": "miner1",
    "recipeShapeless": false,
    "recipeSlots": [
      {
        "value": "Blocks.IRON_BLOCK"
      },
      {
        "value": "CUSTOM:CircuitBoarditem"
      },
      {
        "value": "Blocks.IRON_BLOCK"
      },
      {
        "value": "Items.IRON_INGOT"
      },
      {
        "value": "CUSTOM:Diamondscrewitem"
      },
      {
        "value": "Items.IRON_INGOT"
      },
      {
        "value": "Items.IRON_INGOT"
      },
      {
        "value": "Items.IRON_PICKAXE"
      },
      {
        "value": "Items.IRON_INGOT"
      }
    ],
    "recipeReturnStack": {
      "value": "CUSTOM:Minerinactive"
    },
    "name": "miner_mk_1recipe",
    "namespace": "mod"
  }
}