{
  "_fv": 24,
  "_type": "recipe",
  "definition": {
    "recipeType": "Crafting",
    "xpReward": 0.0,
    "cookingTime": 200,
    "recipeRetstackSize": 4,
    "group": "",
    "recipeShapeless": false,
    "recipeSlots": [
      {
        "value": "Blocks.CONCRETE#1"
      },
      {
        "value": ""
      },
      {
        "value": ""
      },
      {
        "value": "Blocks.CONCRETE#1"
      },
      {
        "value": "Blocks.CONCRETE#1"
      },
      {
        "value": ""
      },
      {
        "value": "Blocks.CONCRETE#1"
      },
      {
        "value": "Blocks.CONCRETE#1"
      },
      {
        "value": "Blocks.CONCRETE#1"
      }
    ],
    "recipeReturnStack": {
      "value": "CUSTOM:OrangeConcreteStairs"
    },
    "name": "orangeconcretestairsrecipe",
    "namespace": "mod"
  }
}