{
  "_fv": 24,
  "_type": "tool",
  "definition": {
    "renderType": 0,
    "texture": "oxygen_canister",
    "customModelName": "Normal",
    "name": "Oxygen Canister",
    "specialInfo": [],
    "creativeTab": {
      "value": "TOOLS"
    },
    "toolType": "Special",
    "harvestLevel": 1,
    "efficiency": 0.0,
    "attackSpeed": 0.0,
    "enchantability": 0,
    "damageVsEntity": 0.0,
    "usageCount": 1000,
    "blocksAffected": [],
    "hasGlow": false,
    "repairItems": [],
    "immuneToFire": false,
    "stayInGridWhenCrafting": false,
    "damageOnCrafting": false
  }
}