{
  "_fv": 34,
  "_type": "rangeditem",
  "definition": {
    "renderType": 0,
    "texture": "plasma_bullet",
    "customModelName": "Normal",
    "name": "Plasma RANGEDITEM",
    "specialInfo": [],
    "creativeTab": {
      "value": "No creative tab entry"
    },
    "stackSize": 1,
    "ammoItem": {
      "value": "CUSTOM:Plasmabulletitem"
    },
    "shootConstantly": false,
    "usageCount": 100,
    "actionSound": {
      "value": "CUSTOM:plasma_shoot"
    },
    "hasGlow": false,
    "animation": "none",
    "enableMeleeDamage": false,
    "damageVsEntity": 5.0,
    "bulletPower": 1.0,
    "bulletDamage": 5.0,
    "bulletKnockback": 5,
    "bulletParticles": false,
    "bulletIgnitesFire": false,
    "bulletItemTexture": {
      "value": "CUSTOM:Plasmabulletitem"
    },
    "bulletModel": "Default",
    "customBulletModelTexture": "",
    "onBulletHitsBlock": {
      "name": "PlasmaShootrangeditemBulletHitsBlock"
    },
    "onBulletFlyingTick": {
      "name": "PlasmaShootrangeditemWhileBulletFlyingTick"
    }
  }
}