{
  "_fv": 24,
  "_type": "recipe",
  "definition": {
    "recipeType": "Crafting",
    "xpReward": 0.0,
    "cookingTime": 200,
    "recipeRetstackSize": 1,
    "group": "pocketchest",
    "recipeShapeless": false,
    "recipeSlots": [
      {
        "value": "Blocks.CHEST"
      },
      {
        "value": "CUSTOM:CircuitBoarditem"
      },
      {
        "value": "Blocks.CHEST"
      },
      {
        "value": "Blocks.CHEST"
      },
      {
        "value": "Blocks.DIAMOND_BLOCK"
      },
      {
        "value": "Blocks.CHEST"
      },
      {
        "value": "Blocks.CHEST"
      },
      {
        "value": "Blocks.CHEST"
      },
      {
        "value": "Blocks.CHEST"
      }
    ],
    "recipeReturnStack": {
      "value": "CUSTOM:Pocketchestitem"
    },
    "name": "pocketchestrecipe",
    "namespace": "mod"
  }
}