{
  "_fv": 24,
  "_type": "tag",
  "definition": {
    "type": "Blocks",
    "items": [],
    "blocks": [
      {
        "value": "CUSTOM:Hardenedcobble"
      },
      {
        "value": "CUSTOM:WhiteConcreteSlab"
      },
      {
        "value": "CUSTOM:WhiteConcreteStairs"
      },
      {
        "value": "CUSTOM:OrangeConcreteSlab"
      },
      {
        "value": "CUSTOM:OrangeConcreteStairs"
      },
      {
        "value": "CUSTOM:MagentaConcreteSlab"
      },
      {
        "value": "CUSTOM:MagentaConcreteStairs"
      },
      {
        "value": "CUSTOM:LightBlueConcreteSlab"
      },
      {
        "value": "CUSTOM:LightBlueConcreteStairs"
      },
      {
        "value": "CUSTOM:YellowConcreteSlab"
      },
      {
        "value": "CUSTOM:YellowConcreteStairs"
      },
      {
        "value": "CUSTOM:LimeConcreteSlab"
      },
      {
        "value": "CUSTOM:LimeConcreteStairs"
      },
      {
        "value": "CUSTOM:PinkConcreteSlab"
      },
      {
        "value": "CUSTOM:PinkConcreteStairs"
      },
      {
        "value": "CUSTOM:GrayConcreteSlab"
      },
      {
        "value": "CUSTOM:GrayConcreteStairs"
      },
      {
        "value": "CUSTOM:LightGrayConcreteSlab"
      },
      {
        "value": "CUSTOM:LightGrayConcreteStairs"
      },
      {
        "value": "CUSTOM:CyanConcreteSlab"
      },
      {
        "value": "CUSTOM:CyanConcreteStairs"
      },
      {
        "value": "CUSTOM:PurpleConcreteSlab"
      },
      {
        "value": "CUSTOM:PurpleConcreteStairs"
      },
      {
        "value": "CUSTOM:BlueConcreteSlab"
      },
      {
        "value": "CUSTOM:BlueConcreteStairs"
      },
      {
        "value": "CUSTOM:BrownConcreteSlab"
      },
      {
        "value": "CUSTOM:BrownConcreteStairs"
      },
      {
        "value": "CUSTOM:GreenConcreteSlab"
      },
      {
        "value": "CUSTOM:GreenConcreteStairs"
      },
      {
        "value": "CUSTOM:RedConcreteSlab"
      },
      {
        "value": "CUSTOM:RedConcreteStairs"
      },
      {
        "value": "CUSTOM:BlackConcreteSlab"
      },
      {
        "value": "CUSTOM:BlackConcreteStairs"
      },
      {
        "value": "Blocks.STONE#0"
      },
      {
        "value": "Blocks.NORMAL_STONE_STAIRS"
      },
      {
        "value": "Blocks.NORMAL_STONE_SLAB"
      },
      {
        "value": "Blocks.STONE#1"
      },
      {
        "value": "Blocks.STONE#2"
      },
      {
        "value": "Blocks.GRANITE_STAIRS"
      },
      {
        "value": "Blocks.POLISHED_GRANITE_STAIRS"
      },
      {
        "value": "Blocks.GRANITE_SLAB"
      },
      {
        "value": "Blocks.POLISHED_GRANITE_SLAB"
      },
      {
        "value": "Blocks.GRANITE_WALL"
      },
      {
        "value": "Blocks.STONE#3"
      },
      {
        "value": "Blocks.DIORITE_STAIRS"
      },
      {
        "value": "Blocks.DIORITE_SLAB"
      },
      {
        "value": "Blocks.DIORITE_WALL"
      },
      {
        "value": "Blocks.STONE#4"
      },
      {
        "value": "Blocks.POLISHED_DIORITE_SLAB"
      },
      {
        "value": "Blocks.POLISHED_DIORITE_STAIRS"
      },
      {
        "value": "Blocks.STONE#5"
      },
      {
        "value": "Blocks.ANDESITE_STAIRS"
      },
      {
        "value": "Blocks.ANDESITE_SLAB"
      },
      {
        "value": "Blocks.ANDESITE_WALL"
      },
      {
        "value": "Blocks.STONE#6"
      },
      {
        "value": "Blocks.POLISHED_ANDESITE_STAIRS"
      },
      {
        "value": "Blocks.POLISHED_ANDESITE_SLAB"
      },
      {
        "value": "Blocks.SMOOTH_STONE"
      },
      {
        "value": "Blocks.COBBLESTONE"
      },
      {
        "value": "Blocks.MOSSY_COBBLESTONE"
      },
      {
        "value": "Blocks.MOSSY_COBBLESTONE_STAIRS"
      },
      {
        "value": "Blocks.MOSSY_COBBLESTONE_SLAB"
      },
      {
        "value": "Blocks.SANDSTONE#0"
      },
      {
        "value": "Blocks.SANDSTONE#1"
      },
      {
        "value": "Blocks.SANDSTONE#2"
      },
      {
        "value": "Blocks.SANDSTONE_STAIRS"
      },
      {
        "value": "Blocks.SMOOTH_SANDSTONE"
      },
      {
        "value": "Blocks.SMOOTH_SANDSTONE_STAIRS"
      },
      {
        "value": "Blocks.SMOOTH_SANDSTONE_SLAB"
      },
      {
        "value": "Blocks.CUT_SANDSTONE_SLAB"
      },
      {
        "value": "Blocks.SANDSTONE_WALL"
      },
      {
        "value": "Blocks.RED_SANDSTONE#0"
      },
      {
        "value": "Blocks.RED_SANDSTONE#1"
      },
      {
        "value": "Blocks.RED_SANDSTONE#2"
      },
      {
        "value": "Blocks.RED_SANDSTONE_STAIRS"
      },
      {
        "value": "Blocks.SMOOTH_RED_SANDSTONE"
      },
      {
        "value": "Blocks.SMOOTH_RED_SANDSTONE_STAIRS"
      },
      {
        "value": "Blocks.SMOOTH_RED_SANDSTONE_SLAB"
      },
      {
        "value": "Blocks.CUT_RED_SANDSTONE_SLAB"
      },
      {
        "value": "Blocks.RED_SANDSTONE_WALL"
      },
      {
        "value": "Blocks.STONE_BRICK_STAIRS"
      },
      {
        "value": "Blocks.FURNACE"
      },
      {
        "value": "Blocks.STONEBRICK#0"
      },
      {
        "value": "Blocks.STONE_BRICK_WALL"
      },
      {
        "value": "Blocks.STONEBRICK#1"
      },
      {
        "value": "Blocks.MOSSY_STONE_BRICK_STAIRS"
      },
      {
        "value": "Blocks.MOSSY_STONE_BRICK_SLAB"
      },
      {
        "value": "Blocks.MOSSY_STONE_BRICK_WALL"
      },
      {
        "value": "Blocks.STONEBRICK#2"
      },
      {
        "value": "Blocks.STONEBRICK#3"
      },
      {
        "value": "Blocks.MONSTER_EGG#0"
      },
      {
        "value": "Blocks.MONSTER_EGG#1"
      },
      {
        "value": "Blocks.MONSTER_EGG#2"
      },
      {
        "value": "Blocks.MONSTER_EGG#3"
      },
      {
        "value": "Blocks.MONSTER_EGG#4"
      },
      {
        "value": "Blocks.MONSTER_EGG#5"
      },
      {
        "value": "Blocks.CONCRETE#0"
      },
      {
        "value": "Blocks.CONCRETE#1"
      },
      {
        "value": "Blocks.CONCRETE#2"
      },
      {
        "value": "Blocks.CONCRETE#3"
      },
      {
        "value": "Blocks.CONCRETE#4"
      },
      {
        "value": "Blocks.CONCRETE#5"
      },
      {
        "value": "Blocks.CONCRETE#6"
      },
      {
        "value": "Blocks.CONCRETE#7"
      },
      {
        "value": "Blocks.CONCRETE#8"
      },
      {
        "value": "Blocks.CONCRETE#9"
      },
      {
        "value": "Blocks.CONCRETE#10"
      },
      {
        "value": "Blocks.CONCRETE#11"
      },
      {
        "value": "Blocks.CONCRETE#12"
      },
      {
        "value": "Blocks.CONCRETE#13"
      },
      {
        "value": "Blocks.CONCRETE#14"
      },
      {
        "value": "Blocks.CONCRETE#15"
      },
      {
        "value": "Blocks.PRISMARINE#0"
      },
      {
        "value": "Blocks.PRISMARINE#1"
      },
      {
        "value": "Blocks.PRISMARINE#2"
      },
      {
        "value": "Blocks.PRISMARINE_STAIRS"
      },
      {
        "value": "Blocks.PRISMARINE_BRICK_STAIRS"
      },
      {
        "value": "Blocks.DARK_PRISMARINE_STAIRS"
      },
      {
        "value": "Blocks.PRISMARINE_SLAB"
      },
      {
        "value": "Blocks.PRISMARINE_BRICK_SLAB"
      },
      {
        "value": "Blocks.DARK_PRISMARINE_SLAB"
      },
      {
        "value": "Blocks.PRISMARINE_WALL"
      },
      {
        "value": "Blocks.DIRT#0"
      },
      {
        "value": "Blocks.DIRT#1"
      },
      {
        "value": "Blocks.DIRT#2"
      }
    ],
    "functions": [],
    "entities": [],
    "name": "rocks_tag",
    "namespace": "mod"
  }
}