{
  "_fv": 34,
  "_type": "recipe",
  "definition": {
    "recipeType": "Crafting",
    "xpReward": 0.0,
    "cookingTime": 200,
    "recipeRetstackSize": 1,
    "group": "armorchargerrecipe",
    "recipeShapeless": false,
    "recipeSlots": [
      {
        "value": "CUSTOM:Diamondsteelitem"
      },
      {
        "value": "CUSTOM:DiamondSteelblock"
      },
      {
        "value": "CUSTOM:Diamondsteelitem"
      },
      {
        "value": ""
      },
      {
        "value": "CUSTOM:GeneratorMK1inactive"
      },
      {
        "value": ""
      },
      {
        "value": "CUSTOM:Heavyironblock"
      },
      {
        "value": "CUSTOM:Heavyironblock"
      },
      {
        "value": "CUSTOM:Heavyironblock"
      }
    ],
    "recipeReturnStack": {
      "value": "CUSTOM:Armorcharger"
    },
    "name": "armorchargerrecipe",
    "namespace": "mod"
  }
}