{
  "_fv": 34,
  "_type": "recipe",
  "definition": {
    "recipeType": "Crafting",
    "xpReward": 0.0,
    "cookingTime": 200,
    "recipeRetstackSize": 1,
    "group": "assembler",
    "recipeShapeless": false,
    "recipeSlots": [
      {
        "value": "CUSTOM:SteelBlock"
      },
      {
        "value": "CUSTOM:Highspeedconectoritem"
      },
      {
        "value": "CUSTOM:SteelBlock"
      },
      {
        "value": "CUSTOM:CircuitBoarditem"
      },
      {
        "value": "CUSTOM:Constructorblock"
      },
      {
        "value": "CUSTOM:CircuitBoarditem"
      },
      {
        "value": "CUSTOM:SteelBlock"
      },
      {
        "value": "CUSTOM:Highspeedconectoritem"
      },
      {
        "value": "CUSTOM:SteelBlock"
      }
    ],
    "recipeReturnStack": {
      "value": "CUSTOM:Assemblerblock"
    },
    "name": "assemblerrecipue",
    "namespace": "mod"
  }
}