{
  "_fv": 34,
  "_type": "enchantment",
  "definition": {
    "name": "Better CoolDown",
    "type": "ARMOR_CHEST",
    "rarity": "VERY_RARE",
    "minLevel": 1,
    "maxLevel": 3,
    "damageModifier": 0,
    "compatibleEnchantments": [],
    "excludeEnchantments": false,
    "compatibleItems": [
      {
        "value": "CUSTOM:DiamondSteelArmor.body"
      }
    ],
    "excludeItems": false,
    "isTreasureEnchantment": false,
    "isCurse": false,
    "isAllowedOnBooks": true,
    "canGenerateInLootTables": true,
    "canVillagerTrade": true
  }
}