{
  "_fv": 34,
  "_type": "item",
  "definition": {
    "renderType": 0,
    "texture": "black_opal_anim",
    "customModelName": "Normal",
    "name": "Black Opal",
    "rarity": "RARE",
    "creativeTab": {
      "value": "MISC"
    },
    "stackSize": 64,
    "enchantability": 0,
    "useDuration": 0,
    "toolType": 1.0,
    "damageCount": 0,
    "recipeRemainder": {
      "value": ""
    },
    "destroyAnyBlock": false,
    "immuneToFire": true,
    "stayInGridWhenCrafting": false,
    "damageOnCrafting": false,
    "enableMeleeDamage": false,
    "damageVsEntity": 0.0,
    "specialInfo": [
      "Coal: 48 114",
      "Iron: 69 984",
      "Energy: 5 183 400 MW"
    ],
    "hasGlow": false,
    "guiBoundTo": "<NONE>",
    "inventorySize": 9,
    "inventoryStackSize": 64,
    "isFood": false,
    "nutritionalValue": 0,
    "saturation": 0.30000001192092896,
    "isMeat": false,
    "isAlwaysEdible": false,
    "animation": "eat"
  }
}