{
  "_fv": 34,
  "_type": "recipe",
  "definition": {
    "recipeType": "Crafting",
    "xpReward": 0.0,
    "cookingTime": 200,
    "recipeRetstackSize": 1,
    "group": "buildergunrecipe",
    "recipeShapeless": true,
    "recipeSlots": [
      {
        "value": ""
      },
      {
        "value": "CUSTOM:Redstoneingotitem"
      },
      {
        "value": ""
      },
      {
        "value": "CUSTOM:Diamondsteelitem"
      },
      {
        "value": "CUSTOM:ControlUnit"
      },
      {
        "value": "CUSTOM:Diamondsteelitem"
      },
      {
        "value": "CUSTOM:Diamondsteelitem"
      },
      {
        "value": "CUSTOM:Diamondsteelitem"
      },
      {
        "value": "CUSTOM:Diamondsteelitem"
      }
    ],
    "recipeReturnStack": {
      "value": "CUSTOM:Buildertool"
    },
    "name": "builder_gu_nrecipe",
    "namespace": "mod"
  }
}