{
  "_fv": 34,
  "_type": "gui",
  "definition": {
    "type": 1,
    "width": 176,
    "height": 166,
    "inventoryOffsetX": 0,
    "inventoryOffsetY": 0,
    "renderBgLayer": true,
    "doesPauseGame": false,
    "components": [
      {
        "type": "label",
        "data": {
          "text": "Caterium Extractor",
          "color": {
            "value": -12829636,
            "falpha": 0.0
          },
          "name": "Caterium Extractor",
          "x": 166,
          "y": 42
        }
      },
      {
        "type": "outputslot",
        "data": {
          "color": {
            "value": -103,
            "falpha": 0.0
          },
          "id": 0,
          "disableStackInteraction": false,
          "dropItemsWhenNotBound": true,
          "name": "Slot #0",
          "x": 201,
          "y": 71
        }
      },
      {
        "type": "label",
        "data": {
          "text": "Working",
          "color": {
            "value": -16711936,
            "falpha": 0.0
          },
          "displayCondition": {
            "name": "GeneratorWorkingLabel"
          },
          "name": "Working",
          "x": 193,
          "y": 55
        }
      },
      {
        "type": "button",
        "data": {
          "text": "ON/OFF",
          "onClick": {
            "name": "Extractoronoff"
          },
          "width": 55,
          "height": 20,
          "name": "ON/OFF",
          "x": 185,
          "y": 92
        }
      }
    ],
    "gridSettings": {
      "sx": 18,
      "sy": 18,
      "ox": 11,
      "oy": 15,
      "snapOnGrid": false
    }
  }
}