{
  "_fv": 34,
  "_type": "recipe",
  "definition": {
    "recipeType": "Crafting",
    "xpReward": 0.0,
    "cookingTime": 200,
    "recipeRetstackSize": 1,
    "group": "blocks",
    "recipeShapeless": false,
    "recipeSlots": [
      {
        "value": "CUSTOM:CateriumIngot"
      },
      {
        "value": "CUSTOM:CateriumIngot"
      },
      {
        "value": "CUSTOM:CateriumIngot"
      },
      {
        "value": "CUSTOM:CateriumIngot"
      },
      {
        "value": "CUSTOM:CateriumIngot"
      },
      {
        "value": "CUSTOM:CateriumIngot"
      },
      {
        "value": "CUSTOM:CateriumIngot"
      },
      {
        "value": "CUSTOM:CateriumIngot"
      },
      {
        "value": "CUSTOM:CateriumIngot"
      }
    ],
    "recipeReturnStack": {
      "value": "CUSTOM:CateriumBlock"
    },
    "name": "caterium_ore_block_recipe",
    "namespace": "mod"
  }
}