{
  "_fv": 34,
  "_type": "recipe",
  "definition": {
    "recipeType": "Crafting",
    "xpReward": 0.0,
    "cookingTime": 200,
    "recipeRetstackSize": 1,
    "group": "centralstorageunit",
    "recipeShapeless": false,
    "recipeSlots": [
      {
        "value": "CUSTOM:Highspeedconectoritem"
      },
      {
        "value": "CUSTOM:ControlUnit"
      },
      {
        "value": "CUSTOM:Highspeedconectoritem"
      },
      {
        "value": "CUSTOM:AiLimiteritem"
      },
      {
        "value": "CUSTOM:Pocketchestitem"
      },
      {
        "value": "CUSTOM:AiLimiteritem"
      },
      {
        "value": "CUSTOM:Heavyframe"
      },
      {
        "value": "CUSTOM:HeavyDiamondSteel"
      },
      {
        "value": "CUSTOM:Heavyframe"
      }
    ],
    "recipeReturnStack": {
      "value": "CUSTOM:CentralStorage"
    },
    "name": "central_storage_recipe",
    "namespace": "mod"
  }
}