{
  "_fv": 34,
  "_type": "gui",
  "definition": {
    "type": 1,
    "width": 225,
    "height": 196,
    "inventoryOffsetX": 0,
    "inventoryOffsetY": 15,
    "renderBgLayer": true,
    "doesPauseGame": false,
    "components": [
      {
        "type": "label",
        "data": {
          "text": "Concrete Mixer",
          "color": {
            "value": -12829636,
            "falpha": 0.0
          },
          "name": "Concrete Mixer",
          "x": 168,
          "y": 26
        }
      },
      {
        "type": "inputslot",
        "data": {
          "inputLimit": {
            "value": ""
          },
          "id": 0,
          "disableStackInteraction": false,
          "dropItemsWhenNotBound": true,
          "name": "Slot #0",
          "x": 141,
          "y": 71
        }
      },
      {
        "type": "label",
        "data": {
          "text": "Concrete: <BNBT:number:Concrete>",
          "color": {
            "value": -12829636,
            "falpha": 0.0
          },
          "name": "Concrete: <BNBT:number:Concrete>",
          "x": 105,
          "y": 125
        }
      },
      {
        "type": "outputslot",
        "data": {
          "id": 1,
          "disableStackInteraction": false,
          "dropItemsWhenNotBound": true,
          "name": "Slot #1",
          "x": 231,
          "y": 44
        }
      },
      {
        "type": "outputslot",
        "data": {
          "id": 2,
          "disableStackInteraction": false,
          "dropItemsWhenNotBound": true,
          "name": "Slot #2",
          "x": 249,
          "y": 44
        }
      },
      {
        "type": "outputslot",
        "data": {
          "id": 3,
          "disableStackInteraction": false,
          "dropItemsWhenNotBound": true,
          "name": "Slot #3",
          "x": 267,
          "y": 44
        }
      },
      {
        "type": "outputslot",
        "data": {
          "id": 4,
          "disableStackInteraction": false,
          "dropItemsWhenNotBound": true,
          "name": "Slot #4",
          "x": 285,
          "y": 44
        }
      },
      {
        "type": "outputslot",
        "data": {
          "id": 5,
          "disableStackInteraction": false,
          "dropItemsWhenNotBound": true,
          "name": "Slot #5",
          "x": 231,
          "y": 62
        }
      },
      {
        "type": "outputslot",
        "data": {
          "id": 6,
          "disableStackInteraction": false,
          "dropItemsWhenNotBound": true,
          "name": "Slot #6",
          "x": 249,
          "y": 62
        }
      },
      {
        "type": "outputslot",
        "data": {
          "id": 7,
          "disableStackInteraction": false,
          "dropItemsWhenNotBound": true,
          "name": "Slot #7",
          "x": 267,
          "y": 62
        }
      },
      {
        "type": "outputslot",
        "data": {
          "id": 8,
          "disableStackInteraction": false,
          "dropItemsWhenNotBound": true,
          "name": "Slot #8",
          "x": 285,
          "y": 62
        }
      },
      {
        "type": "outputslot",
        "data": {
          "id": 9,
          "disableStackInteraction": false,
          "dropItemsWhenNotBound": true,
          "name": "Slot #9",
          "x": 231,
          "y": 80
        }
      },
      {
        "type": "outputslot",
        "data": {
          "id": 10,
          "disableStackInteraction": false,
          "dropItemsWhenNotBound": true,
          "name": "Slot #10",
          "x": 249,
          "y": 80
        }
      },
      {
        "type": "outputslot",
        "data": {
          "id": 11,
          "disableStackInteraction": false,
          "dropItemsWhenNotBound": true,
          "name": "Slot #11",
          "x": 267,
          "y": 80
        }
      },
      {
        "type": "outputslot",
        "data": {
          "id": 12,
          "disableStackInteraction": false,
          "dropItemsWhenNotBound": true,
          "name": "Slot #12",
          "x": 285,
          "y": 80
        }
      },
      {
        "type": "outputslot",
        "data": {
          "id": 13,
          "disableStackInteraction": false,
          "dropItemsWhenNotBound": true,
          "name": "Slot #13",
          "x": 231,
          "y": 98
        }
      },
      {
        "type": "outputslot",
        "data": {
          "id": 14,
          "disableStackInteraction": false,
          "dropItemsWhenNotBound": true,
          "name": "Slot #14",
          "x": 249,
          "y": 98
        }
      },
      {
        "type": "outputslot",
        "data": {
          "id": 15,
          "disableStackInteraction": false,
          "dropItemsWhenNotBound": true,
          "name": "Slot #15",
          "x": 267,
          "y": 98
        }
      },
      {
        "type": "outputslot",
        "data": {
          "id": 16,
          "disableStackInteraction": false,
          "dropItemsWhenNotBound": true,
          "name": "Slot #16",
          "x": 285,
          "y": 98
        }
      }
    ],
    "gridSettings": {
      "sx": 18,
      "sy": 18,
      "ox": 11,
      "oy": 15,
      "snapOnGrid": false
    }
  }
}