{
  "_fv": 34,
  "_type": "recipe",
  "definition": {
    "recipeType": "Crafting",
    "xpReward": 0.0,
    "cookingTime": 200,
    "recipeRetstackSize": 1,
    "group": "constructor",
    "recipeShapeless": false,
    "recipeSlots": [
      {
        "value": "Blocks.IRON_BLOCK"
      },
      {
        "value": "Blocks.CRAFTING_TABLE"
      },
      {
        "value": "Blocks.IRON_BLOCK"
      },
      {
        "value": "Blocks.STONEBRICK#0"
      },
      {
        "value": "CUSTOM:CircuitBoarditem"
      },
      {
        "value": "Blocks.STONEBRICK#0"
      },
      {
        "value": "Blocks.STONEBRICK#0"
      },
      {
        "value": "CUSTOM:CircuitBoarditem"
      },
      {
        "value": "Blocks.STONEBRICK#0"
      }
    ],
    "recipeReturnStack": {
      "value": "CUSTOM:Constructorblock"
    },
    "name": "constructorrecipe",
    "namespace": "mod"
  }
}