{
  "_fv": 34,
  "_type": "gui",
  "definition": {
    "type": 0,
    "width": 176,
    "height": 166,
    "inventoryOffsetX": 0,
    "inventoryOffsetY": 0,
    "renderBgLayer": true,
    "doesPauseGame": false,
    "components": [
      {
        "type": "button",
        "data": {
          "text": "Tree Chopper",
          "onClick": {
            "name": "Treechopperclicked"
          },
          "width": 85,
          "height": 20,
          "name": "Tree Chopper",
          "x": 172,
          "y": 57
        }
      },
      {
        "type": "label",
        "data": {
          "text": "Diamond",
          "color": {
            "value": -16724788,
            "falpha": 0.0
          },
          "name": "Diamond",
          "x": 170,
          "y": 42
        }
      },
      {
        "type": "label",
        "data": {
          "text": "Steel AXE",
          "color": {
            "value": -13421773,
            "falpha": 0.0
          },
          "name": "Steel AXE",
          "x": 209,
          "y": 42
        }
      }
    ],
    "gridSettings": {
      "sx": 18,
      "sy": 18,
      "ox": 11,
      "oy": 15,
      "snapOnGrid": false
    }
  }
}