{
  "_fv": 34,
  "_type": "recipe",
  "definition": {
    "recipeType": "Crafting",
    "xpReward": 0.0,
    "cookingTime": 200,
    "recipeRetstackSize": 1,
    "group": "diamondsteel_pickaxe",
    "recipeShapeless": false,
    "recipeSlots": [
      {
        "value": "CUSTOM:Diamondsteelplate"
      },
      {
        "value": "CUSTOM:Diamondsteelplate"
      },
      {
        "value": "CUSTOM:Diamondsteelplate"
      },
      {
        "value": ""
      },
      {
        "value": "CUSTOM:DiamondSteelblock"
      },
      {
        "value": ""
      },
      {
        "value": ""
      },
      {
        "value": "CUSTOM:DiamondSteelblock"
      },
      {
        "value": ""
      }
    ],
    "recipeReturnStack": {
      "value": "CUSTOM:DiamondSteelpickaxe"
    },
    "name": "diamondsteelpickaxerecipe",
    "namespace": "mod"
  }
}