{
  "_fv": 34,
  "_type": "achievement",
  "definition": {
    "achievementName": "Diamond Steel Research",
    "achievementDescription": "You have researched stronger material: DIAMOND STEEL",
    "achievementIcon": {
      "value": "CUSTOM:Diamondsteelitem"
    },
    "background": "Default",
    "disableDisplay": false,
    "showPopup": true,
    "announceToChat": true,
    "hideIfNotCompleted": false,
    "rewardLoot": [],
    "rewardRecipes": [],
    "rewardFunction": "No function",
    "rewardXP": 150,
    "achievementType": "goal",
    "parent": {
      "value": "story/root"
    },
    "triggerxml": "<xml xmlns=\"https://developers.google.com/blockly/xml\"><block type=\"custom_trigger\" x=\"47\" y=\"43\"><next><block type=\"advancement_trigger\" deletable=\"false\"></block></next></block></xml>"
  }
}