{
  "_fv": 34,
  "_type": "armor",
  "definition": {
    "enableHelmet": true,
    "textureHelmet": "diamondsteel_head",
    "enableBody": true,
    "textureBody": "diamondsteel_body",
    "enableLeggings": true,
    "textureLeggings": "diamondsteel_leggings",
    "enableBoots": true,
    "textureBoots": "diamondsteel_boots",
    "onHelmetTick": {
      "name": "DiamondSteelArmorHelmetTickEvent"
    },
    "onBodyTick": {
      "name": "DiamondSteelArmorBodyTickEvent"
    },
    "onLeggingsTick": {
      "name": "DiamondSteelArmorLeggingsTickEvent"
    },
    "onBootsTick": {
      "name": "DiamondSteelArmorBootsTickEvent"
    },
    "creativeTab": {
      "value": "CUSTOM:ProjectMEGA"
    },
    "armorTextureFile": "diamondsteel",
    "helmetName": "Diamond Steel Helmet",
    "bodyName": "Diamond Steel Chestplate",
    "leggingsName": "Diamond Steel Leggings",
    "bootsName": "DiamondS teel Boots",
    "helmetSpecialInfo": [],
    "bodySpecialInfo": [],
    "leggingsSpecialInfo": [],
    "bootsSpecialInfo": [],
    "helmetModelName": "Default",
    "helmetModelPart": "Helmet",
    "helmetModelTexture": "From armor",
    "bodyModelName": "Default",
    "bodyModelPart": "Body",
    "armsModelPartL": "Arms L",
    "armsModelPartR": "Arms R",
    "bodyModelTexture": "From armor",
    "leggingsModelName": "Default",
    "leggingsModelPartL": "Leggings L",
    "leggingsModelPartR": "Leggings R",
    "leggingsModelTexture": "From armor",
    "bootsModelName": "Default",
    "bootsModelPartL": "Boots L",
    "bootsModelPartR": "Boots R",
    "bootsModelTexture": "From armor",
    "helmetImmuneToFire": false,
    "bodyImmuneToFire": false,
    "leggingsImmuneToFire": false,
    "bootsImmuneToFire": false,
    "maxDamage": 1024,
    "damageValueHelmet": 13,
    "damageValueBody": 23,
    "damageValueLeggings": 28,
    "damageValueBoots": 15,
    "enchantability": 42,
    "toughness": 5.0,
    "knockbackResistance": 0.0,
    "equipSound": {
      "value": ""
    },
    "repairItems": [
      {
        "value": "CUSTOM:Diamondsteelplate"
      }
    ]
  }
}