{
  "_fv": 34,
  "_type": "tool",
  "definition": {
    "renderType": 0,
    "texture": "diamond_steel_shovel",
    "customModelName": "Normal",
    "name": "Diamond Steel Shovel",
    "specialInfo": [],
    "creativeTab": {
      "value": "CUSTOM:ProjectMEGA"
    },
    "toolType": "Spade",
    "harvestLevel": 3,
    "efficiency": 15.0,
    "attackSpeed": 2.0,
    "enchantability": 2,
    "damageVsEntity": 9.0,
    "usageCount": 115144,
    "blocksAffected": [],
    "hasGlow": false,
    "repairItems": [
      {
        "value": "CUSTOM:Diamondsteelplate"
      }
    ],
    "immuneToFire": false,
    "stayInGridWhenCrafting": false,
    "damageOnCrafting": false
  }
}