{
  "_fv": 34,
  "_type": "achievement",
  "definition": {
    "achievementName": "Electronics",
    "achievementDescription": "Electronics!",
    "achievementIcon": {
      "value": "CUSTOM:CircuitBoarditem"
    },
    "background": "Default",
    "disableDisplay": false,
    "showPopup": true,
    "announceToChat": true,
    "hideIfNotCompleted": false,
    "rewardLoot": [],
    "rewardRecipes": [
      "CircuitBoardrecipe",
      "HubRECIPE"
    ],
    "rewardFunction": "No function",
    "rewardXP": 1500,
    "achievementType": "goal",
    "parent": {
      "value": "CUSTOM:HubCraftedAchievment"
    },
    "triggerxml": "<xml xmlns=\"https://developers.google.com/blockly/xml\"><block type=\"item_in_inventory\" x=\"69\" y=\"31\"><value name=\"amount_l\"><block type=\"math_number\"><field name=\"NUM\">1</field></block></value><value name=\"amount_h\"><block type=\"math_number\"><field name=\"NUM\">1</field></block></value><value name=\"item\"><block type=\"mcitem_all\"><field name=\"value\">CUSTOM:CopperSheetItem</field></block></value><next><block type=\"advancement_trigger\" deletable=\"false\"></block></next></block></xml>"
  }
}