{
  "_fv": 34,
  "_type": "tag",
  "definition": {
    "type": "Items",
    "items": [
      {
        "value": "Items.APPLE"
      },
      {
        "value": "Items.BREAD"
      },
      {
        "value": "Items.COOKIE"
      },
      {
        "value": "Items.PORKCHOP"
      },
      {
        "value": "Items.COOKED_PORKCHOP"
      },
      {
        "value": "Items.BEEF"
      },
      {
        "value": "Items.COOKED_BEEF"
      },
      {
        "value": "Items.CHICKEN"
      },
      {
        "value": "Items.COOKED_CHICKEN"
      },
      {
        "value": "Items.RABBIT"
      },
      {
        "value": "Items.COOKED_RABBIT"
      },
      {
        "value": "Items.MUTTON"
      },
      {
        "value": "Items.COOKED_MUTTON"
      }
    ],
    "blocks": [],
    "functions": [],
    "entities": [],
    "name": "foodforsale",
    "namespace": "mod"
  }
}