{
  "_fv": 34,
  "_type": "recipe",
  "definition": {
    "recipeType": "Crafting",
    "xpReward": 0.0,
    "cookingTime": 200,
    "recipeRetstackSize": 1,
    "group": "generator1",
    "recipeShapeless": false,
    "recipeSlots": [
      {
        "value": "Items.IRON_INGOT"
      },
      {
        "value": "CUSTOM:CircuitBoarditem"
      },
      {
        "value": "Items.IRON_INGOT"
      },
      {
        "value": "CUSTOM:CircuitBoarditem"
      },
      {
        "value": "Blocks.REDSTONE_BLOCK"
      },
      {
        "value": "CUSTOM:CircuitBoarditem"
      },
      {
        "value": "Items.IRON_INGOT"
      },
      {
        "value": "CUSTOM:CircuitBoarditem"
      },
      {
        "value": "Items.IRON_INGOT"
      }
    ],
    "recipeReturnStack": {
      "value": "CUSTOM:GeneratorMK1"
    },
    "name": "generator_mk_1recipe",
    "namespace": "mod"
  }
}