{
  "_fv": 34,
  "_type": "recipe",
  "definition": {
    "recipeType": "Crafting",
    "xpReward": 0.0,
    "cookingTime": 200,
    "recipeRetstackSize": 1,
    "group": "heavframe_block",
    "recipeShapeless": false,
    "recipeSlots": [
      {
        "value": "CUSTOM:Heavyironblock"
      },
      {
        "value": "CUSTOM:Ironplate"
      },
      {
        "value": "CUSTOM:Heavyironblock"
      },
      {
        "value": "CUSTOM:Modularframe"
      },
      {
        "value": ""
      },
      {
        "value": "CUSTOM:Modularframe"
      },
      {
        "value": "CUSTOM:Heavyironblock"
      },
      {
        "value": "CUSTOM:Ironplate"
      },
      {
        "value": "CUSTOM:Heavyironblock"
      }
    ],
    "recipeReturnStack": {
      "value": "CUSTOM:Heavyframe"
    },
    "name": "heavyframerecipe",
    "namespace": "mod"
  }
}