{
  "_fv": 34,
  "_type": "gui",
  "definition": {
    "type": 1,
    "width": 380,
    "height": 219,
    "inventoryOffsetX": 100,
    "inventoryOffsetY": 25,
    "renderBgLayer": true,
    "doesPauseGame": false,
    "components": [
      {
        "type": "label",
        "data": {
          "text": "Energy:",
          "color": {
            "value": -16724788,
            "falpha": 0.0
          },
          "name": "Energy:",
          "x": 48,
          "y": 127
        }
      },
      {
        "type": "label",
        "data": {
          "text": "<BNBT:number:Energy>",
          "color": {
            "value": -12829636,
            "falpha": 0.0
          },
          "name": "<BNBT:number:Energy>",
          "x": 87,
          "y": 128
        }
      },
      {
        "type": "label",
        "data": {
          "text": "Caterium Mined",
          "color": {
            "value": -12829636,
            "falpha": 0.0
          },
          "name": "Caterium Mined",
          "x": 34,
          "y": 29
        }
      },
      {
        "type": "label",
        "data": {
          "text": "Coal Mined",
          "color": {
            "value": -12829636,
            "falpha": 0.0
          },
          "name": "Coal Mined",
          "x": 44,
          "y": 46
        }
      },
      {
        "type": "label",
        "data": {
          "text": "Iron Mined",
          "color": {
            "value": -12829636,
            "falpha": 0.0
          },
          "name": "Iron Mined",
          "x": 44,
          "y": 65
        }
      },
      {
        "type": "label",
        "data": {
          "text": "Copper Mined",
          "color": {
            "value": -12829636,
            "falpha": 0.0
          },
          "name": "Copper Mined",
          "x": 38,
          "y": 83
        }
      },
      {
        "type": "label",
        "data": {
          "text": "SandStone Mined",
          "color": {
            "value": -12829636,
            "falpha": 0.0
          },
          "name": "SandStone Mined",
          "x": 31,
          "y": 101
        }
      },
      {
        "type": "outputslot",
        "data": {
          "id": 0,
          "disableStackInteraction": false,
          "dropItemsWhenNotBound": true,
          "name": "Slot #0",
          "x": 123,
          "y": 61
        }
      },
      {
        "type": "outputslot",
        "data": {
          "color": {
            "value": -10066330,
            "falpha": 0.0
          },
          "id": 1,
          "disableStackInteraction": false,
          "dropItemsWhenNotBound": true,
          "name": "Slot #1",
          "x": 123,
          "y": 43
        }
      },
      {
        "type": "outputslot",
        "data": {
          "color": {
            "value": -3355648,
            "falpha": 0.0
          },
          "id": 2,
          "disableStackInteraction": false,
          "dropItemsWhenNotBound": true,
          "name": "Slot #2",
          "x": 123,
          "y": 25
        }
      },
      {
        "type": "outputslot",
        "data": {
          "color": {
            "value": -3381760,
            "falpha": 0.0
          },
          "id": 3,
          "disableStackInteraction": false,
          "dropItemsWhenNotBound": true,
          "name": "Slot #3",
          "x": 123,
          "y": 79
        }
      },
      {
        "type": "outputslot",
        "data": {
          "color": {
            "value": -16724788,
            "falpha": 0.0
          },
          "id": 4,
          "disableStackInteraction": false,
          "dropItemsWhenNotBound": true,
          "name": "Slot #4",
          "x": 378,
          "y": 15
        }
      },
      {
        "type": "label",
        "data": {
          "text": "HUB",
          "color": {
            "value": -12829636,
            "falpha": 0.0
          },
          "name": "HUB",
          "x": 214,
          "y": 16
        }
      },
      {
        "type": "outputslot",
        "data": {
          "color": {
            "value": -10066432,
            "falpha": 0.0
          },
          "id": 5,
          "disableStackInteraction": false,
          "dropItemsWhenNotBound": true,
          "name": "Slot #5",
          "x": 123,
          "y": 97
        }
      },
      {
        "type": "label",
        "data": {
          "text": "<BNBT:number:Caterium>",
          "color": {
            "value": -12829636,
            "falpha": 0.0
          },
          "name": "<BNBT:number:Caterium>",
          "x": 148,
          "y": 29
        }
      },
      {
        "type": "label",
        "data": {
          "text": "<BNBT:number:Coal>",
          "color": {
            "value": -12829636,
            "falpha": 0.0
          },
          "name": "<BNBT:number:Coal>",
          "x": 148,
          "y": 46
        }
      },
      {
        "type": "label",
        "data": {
          "text": "<BNBT:number:Iron>",
          "color": {
            "value": -12829636,
            "falpha": 0.0
          },
          "name": "<BNBT:number:Iron>",
          "x": 148,
          "y": 65
        }
      },
      {
        "type": "label",
        "data": {
          "text": "<BNBT:number:Copper>",
          "color": {
            "value": -12829636,
            "falpha": 0.0
          },
          "name": "<BNBT:number:Copper>",
          "x": 148,
          "y": 83
        }
      },
      {
        "type": "label",
        "data": {
          "text": "<BNBT:number:SandStone>",
          "color": {
            "value": -12829636,
            "falpha": 0.0
          },
          "name": "<BNBT:number:SandStone>",
          "x": 148,
          "y": 101
        }
      },
      {
        "type": "image",
        "data": {
          "image": "mamguienergy.png",
          "use1Xscale": false,
          "name": "mamguienergy.png",
          "x": 32,
          "y": 123
        }
      },
      {
        "type": "image",
        "data": {
          "image": "up_green_arrow.png",
          "use1Xscale": false,
          "name": "up_green_arrow.png",
          "x": 29,
          "y": 141
        }
      },
      {
        "type": "image",
        "data": {
          "image": "down_red_arrow.png",
          "use1Xscale": false,
          "name": "down_red_arrow.png",
          "x": 29,
          "y": 159
        }
      },
      {
        "type": "label",
        "data": {
          "text": "<BNBT:number:Edown>",
          "color": {
            "value": -12829636,
            "falpha": 0.0
          },
          "name": "<BNBT:number:Edown>",
          "x": 99,
          "y": 164
        }
      },
      {
        "type": "label",
        "data": {
          "text": "Produced:",
          "color": {
            "value": -16764160,
            "falpha": 0.0
          },
          "name": "Produced:",
          "x": 48,
          "y": 144
        }
      },
      {
        "type": "label",
        "data": {
          "text": "Consumed:",
          "color": {
            "value": -13434880,
            "falpha": 0.0
          },
          "name": "Consumed:",
          "x": 48,
          "y": 163
        }
      },
      {
        "type": "label",
        "data": {
          "text": "<BNBT:number:Eup>",
          "color": {
            "value": -12829636,
            "falpha": 0.0
          },
          "name": "<BNBT:number:Eup>",
          "x": 98,
          "y": 145
        }
      },
      {
        "type": "image",
        "data": {
          "image": "mamguimoney.png",
          "use1Xscale": false,
          "name": "mamguimoney.png",
          "x": 29,
          "y": 178
        }
      },
      {
        "type": "image",
        "data": {
          "image": "pickaxe_miner.png",
          "use1Xscale": false,
          "name": "pickaxe_miner.png",
          "x": 29,
          "y": 201
        }
      },
      {
        "type": "label",
        "data": {
          "text": "Money:",
          "color": {
            "value": -6711040,
            "falpha": 0.0
          },
          "name": "Money:",
          "x": 49,
          "y": 181
        }
      },
      {
        "type": "label",
        "data": {
          "text": "Miner Levels:",
          "color": {
            "value": -12829636,
            "falpha": 0.0
          },
          "name": "Miner Levels:",
          "x": 49,
          "y": 198
        }
      },
      {
        "type": "label",
        "data": {
          "text": "<BNBT:number:Money>",
          "color": {
            "value": -12829636,
            "falpha": 0.0
          },
          "name": "<BNBT:number:Money>",
          "x": 85,
          "y": 182
        }
      },
      {
        "type": "label",
        "data": {
          "text": "<BNBT:number:minerLevels>",
          "color": {
            "value": -12829636,
            "falpha": 0.0
          },
          "name": "<BNBT:number:minerLevels>",
          "x": 121,
          "y": 199
        }
      },
      {
        "type": "button",
        "data": {
          "text": "Upgrade Miners",
          "onClick": {
            "name": "HubUpgradeMinersOnClick"
          },
          "width": 98,
          "height": 20,
          "name": "Upgrade Miners",
          "x": 294,
          "y": 121
        }
      },
      {
        "type": "label",
        "data": {
          "text": "<BNBT:number:EnergyForMinerUpgrade>",
          "color": {
            "value": -12829636,
            "falpha": 0.0
          },
          "name": "<BNBT:number:EnergyForMinerUpgrade>",
          "x": 126,
          "y": 212
        }
      },
      {
        "type": "label",
        "data": {
          "text": "Upgrade Price:",
          "color": {
            "value": -12829636,
            "falpha": 0.0
          },
          "name": "Upgrade Price:",
          "x": 49,
          "y": 211
        }
      }
    ],
    "gridSettings": {
      "sx": 18,
      "sy": 18,
      "ox": 11,
      "oy": 15,
      "snapOnGrid": false
    }
  }
}