{
  "_fv": 34,
  "_type": "recipe",
  "definition": {
    "recipeType": "Crafting",
    "xpReward": 0.0,
    "cookingTime": 200,
    "recipeRetstackSize": 1,
    "group": "inductionblockrecipe",
    "recipeShapeless": false,
    "recipeSlots": [
      {
        "value": "CUSTOM:CopperFoundation"
      },
      {
        "value": "CUSTOM:CopperFoundation"
      },
      {
        "value": "CUSTOM:CopperFoundation"
      },
      {
        "value": "Blocks.GOLD_BLOCK"
      },
      {
        "value": "Blocks.GOLD_BLOCK"
      },
      {
        "value": "Blocks.GOLD_BLOCK"
      },
      {
        "value": "CUSTOM:CopperFoundation"
      },
      {
        "value": "CUSTOM:CopperFoundation"
      },
      {
        "value": "CUSTOM:CopperFoundation"
      }
    ],
    "recipeReturnStack": {
      "value": "CUSTOM:InductionBlock"
    },
    "name": "induction_block_recipe",
    "namespace": "mod"
  }
}