{
  "_fv": 34,
  "_type": "recipe",
  "definition": {
    "recipeType": "Crafting",
    "xpReward": 0.0,
    "cookingTime": 200,
    "recipeRetstackSize": 1,
    "group": "industialdiamondblock",
    "recipeShapeless": false,
    "recipeSlots": [
      {
        "value": "CUSTOM:IndustrialDiamond"
      },
      {
        "value": "CUSTOM:IndustrialDiamond"
      },
      {
        "value": "CUSTOM:IndustrialDiamond"
      },
      {
        "value": "CUSTOM:IndustrialDiamond"
      },
      {
        "value": "CUSTOM:IndustrialDiamond"
      },
      {
        "value": "CUSTOM:IndustrialDiamond"
      },
      {
        "value": "CUSTOM:IndustrialDiamond"
      },
      {
        "value": "CUSTOM:IndustrialDiamond"
      },
      {
        "value": "CUSTOM:IndustrialDiamond"
      }
    ],
    "recipeReturnStack": {
      "value": "CUSTOM:IndustialDiamondBlock"
    },
    "name": "industrial_diamond_block_recipe",
    "namespace": "mod"
  }
}