{
  "_fv": 34,
  "_type": "recipe",
  "definition": {
    "recipeType": "Crafting",
    "xpReward": 0.0,
    "cookingTime": 200,
    "recipeRetstackSize": 1,
    "group": "ironextractor",
    "recipeShapeless": false,
    "recipeSlots": [
      {
        "value": ""
      },
      {
        "value": "Blocks.IRON_ORE"
      },
      {
        "value": ""
      },
      {
        "value": ""
      },
      {
        "value": "Blocks.HOPPER"
      },
      {
        "value": ""
      },
      {
        "value": ""
      },
      {
        "value": ""
      },
      {
        "value": ""
      }
    ],
    "recipeReturnStack": {
      "value": "CUSTOM:Ironextractor"
    },
    "name": "ironextractorrecipe",
    "namespace": "mod"
  }
}