{
  "_fv": 34,
  "_type": "tag",
  "definition": {
    "type": "Items",
    "items": [
      {
        "value": "Items.DYE#0"
      },
      {
        "value": "Items.IRON_NUGGET"
      },
      {
        "value": "Items.WOODEN_SWORD"
      },
      {
        "value": "Items.WOODEN_SHOVEL"
      },
      {
        "value": "Items.WOODEN_PICKAXE"
      },
      {
        "value": "Items.WOODEN_AXE"
      },
      {
        "value": "Items.WOODEN_HOE"
      },
      {
        "value": "Items.STONE_SWORD"
      },
      {
        "value": "Items.STONE_SHOVEL"
      },
      {
        "value": "Items.STONE_PICKAXE"
      },
      {
        "value": "Items.STONE_AXE"
      },
      {
        "value": "Items.STONE_HOE"
      },
      {
        "value": "Items.LEATHER_HELMET"
      },
      {
        "value": "Items.LEATHER_CHESTPLATE"
      },
      {
        "value": "Items.LEATHER_LEGGINGS"
      },
      {
        "value": "Items.LEATHER_BOOTS"
      },
      {
        "value": "Items.BOWL"
      },
      {
        "value": "Items.STRING"
      },
      {
        "value": "Items.FEATHER"
      },
      {
        "value": "Items.GUNPOWDER"
      },
      {
        "value": "Items.WHEAT_SEEDS"
      },
      {
        "value": "Items.CARROT"
      },
      {
        "value": "Items.POTATO"
      },
      {
        "value": "Items.REEDS"
      },
      {
        "value": "Items.MELON"
      },
      {
        "value": "Items.BEETROOT"
      },
      {
        "value": "Items.SPIDER_EYE"
      },
      {
        "value": "Items.FERMENTED_SPIDER_EYE"
      },
      {
        "value": "Items.SNOWBALL"
      },
      {
        "value": "Items.ROTTEN_FLESH"
      }
    ],
    "blocks": [],
    "functions": [],
    "entities": [],
    "name": "junk_items",
    "namespace": "mod"
  }
}