{
  "_fv": 34,
  "_type": "fluid",
  "definition": {
    "name": "Liquid Hydrogen",
    "bucketName": "Liquid Hydrogen Bucket",
    "textureStill": "liquid_hydrogen_still",
    "textureFlowing": "liquid_hydrogen_still",
    "tintType": "No tint",
    "canMultiply": false,
    "flowRate": 5,
    "levelDecrease": 1,
    "slopeFindDistance": 4,
    "spawnParticles": false,
    "dripParticle": {
      "value": "EXPLOSION_NORMAL"
    },
    "flowStrength": 1.0,
    "luminosity": 0,
    "density": 200,
    "viscosity": 1000,
    "temperature": 10,
    "type": "WATER",
    "generateBucket": true,
    "textureBucket": "",
    "creativeTab": {
      "value": "MISC"
    },
    "emptySound": {
      "value": ""
    },
    "rarity": "COMMON",
    "specialInfo": [],
    "resistance": 100.0,
    "luminance": 0,
    "lightOpacity": 0,
    "emissiveRendering": false,
    "tickRate": 10,
    "flammability": 0,
    "fireSpreadSpeed": 1,
    "colorOnMap": "ICE",
    "frequencyOnChunks": 5,
    "spawnWorldTypes": [],
    "restrictionBiomes": [],
    "onEntityCollides": {
      "name": "LiquidHydrogenMobplayerCollidesBlock"
    },
    "onRandomUpdateEvent": {
      "name": "LiquidHydrogenClientDisplayRandomTick"
    }
  }
}