{
  "_fv": 34,
  "_type": "gui",
  "definition": {
    "type": 1,
    "width": 176,
    "height": 166,
    "inventoryOffsetX": 0,
    "inventoryOffsetY": 0,
    "renderBgLayer": true,
    "doesPauseGame": false,
    "components": [
      {
        "type": "label",
        "data": {
          "text": "Miner",
          "color": {
            "value": -12829636,
            "falpha": 0.0
          },
          "name": "Miner",
          "x": 199,
          "y": 41
        }
      },
      {
        "type": "label",
        "data": {
          "text": "Level: <BNBT:number:minerLevels>",
          "color": {
            "value": -12829636,
            "falpha": 0.0
          },
          "name": "Level: <BNBT:number:minerLevels>",
          "x": 179,
          "y": 52
        }
      },
      {
        "type": "inputslot",
        "data": {
          "inputLimit": {
            "value": ""
          },
          "color": {
            "value": -4719119,
            "falpha": 0.0
          },
          "id": 0,
          "disableStackInteraction": false,
          "dropItemsWhenNotBound": false,
          "name": "Slot #0",
          "x": 202,
          "y": 74
        }
      },
      {
        "type": "label",
        "data": {
          "text": "CPU",
          "color": {
            "value": -12829636,
            "falpha": 0.0
          },
          "name": "CPU",
          "x": 203,
          "y": 95
        }
      }
    ],
    "gridSettings": {
      "sx": 18,
      "sy": 18,
      "ox": 11,
      "oy": 15,
      "snapOnGrid": false
    }
  }
}