{
  "_fv": 34,
  "_type": "recipe",
  "definition": {
    "recipeType": "Crafting",
    "xpReward": 0.0,
    "cookingTime": 200,
    "recipeRetstackSize": 1,
    "group": "particle_accelerator_recipe",
    "recipeShapeless": false,
    "recipeSlots": [
      {
        "value": "CUSTOM:HeavyDiamondSteel"
      },
      {
        "value": "CUSTOM:HeavyDiamondSteel"
      },
      {
        "value": "CUSTOM:HeavyDiamondSteel"
      },
      {
        "value": "CUSTOM:HeavyDiamondSteel"
      },
      {
        "value": "CUSTOM:BlackOpal"
      },
      {
        "value": "CUSTOM:HeavyDiamondSteel"
      },
      {
        "value": "CUSTOM:HeavyDiamondSteel"
      },
      {
        "value": "CUSTOM:HeavyDiamondSteel"
      },
      {
        "value": "CUSTOM:HeavyDiamondSteel"
      }
    ],
    "recipeReturnStack": {
      "value": "CUSTOM:ParticleAccelerator"
    },
    "name": "particle_accelerator_recipe",
    "namespace": "mod"
  }
}