{
  "_fv": 34,
  "_type": "gui",
  "definition": {
    "type": 1,
    "width": 180,
    "height": 183,
    "inventoryOffsetX": 0,
    "inventoryOffsetY": 11,
    "renderBgLayer": true,
    "doesPauseGame": false,
    "components": [
      {
        "type": "label",
        "data": {
          "text": "Particle Accelerator",
          "color": {
            "value": -12829636,
            "falpha": 0.0
          },
          "name": "Particle Accelerator",
          "x": 163,
          "y": 34
        }
      },
      {
        "type": "outputslot",
        "data": {
          "id": 0,
          "disableStackInteraction": false,
          "dropItemsWhenNotBound": true,
          "name": "Slot #0",
          "x": 202,
          "y": 49
        }
      },
      {
        "type": "button",
        "data": {
          "text": "Change Recipe",
          "onClick": {
            "name": "ParticleAcceleratorChangeRecipe"
          },
          "width": 93,
          "height": 20,
          "name": "Change Recipe",
          "x": 167,
          "y": 107
        }
      },
      {
        "type": "label",
        "data": {
          "text": "Recipe: <BNBT:text:Recipe>",
          "color": {
            "value": -12829636,
            "falpha": 0.0
          },
          "name": "Recipe: <BNBT:text:Recipe>",
          "x": 145,
          "y": 94
        }
      },
      {
        "type": "image",
        "data": {
          "image": "mamguienergy.png",
          "use1Xscale": false,
          "displayCondition": {
            "name": "GeneratorWorkingLabel"
          },
          "name": "mamguienergy.png",
          "x": 187,
          "y": 70
        }
      },
      {
        "type": "label",
        "data": {
          "text": "Working",
          "color": {
            "value": -10027264,
            "falpha": 0.0
          },
          "displayCondition": {
            "name": "GeneratorWorkingLabel"
          },
          "name": "Working",
          "x": 204,
          "y": 73
        }
      }
    ],
    "gridSettings": {
      "sx": 18,
      "sy": 18,
      "ox": 11,
      "oy": 15,
      "snapOnGrid": false
    }
  }
}