{
  "_fv": 34,
  "_type": "gui",
  "definition": {
    "type": 0,
    "width": 176,
    "height": 166,
    "inventoryOffsetX": 0,
    "inventoryOffsetY": 0,
    "renderBgLayer": true,
    "doesPauseGame": false,
    "components": [
      {
        "type": "label",
        "data": {
          "text": "Place Tool",
          "color": {
            "value": -12829636,
            "falpha": 0.0
          },
          "name": "Place Tool",
          "x": 188,
          "y": 41
        }
      },
      {
        "type": "button",
        "data": {
          "text": "Change Machine",
          "width": 98,
          "height": 20,
          "name": "Change Machine",
          "x": 164,
          "y": 174
        }
      },
      {
        "type": "label",
        "data": {
          "text": "Machine: <VAR:placetool_machine>",
          "color": {
            "value": -12829636,
            "falpha": 0.0
          },
          "name": "Machine: <VAR:placetool_machine>",
          "x": 134,
          "y": 158
        }
      }
    ],
    "gridSettings": {
      "sx": 18,
      "sy": 18,
      "ox": 11,
      "oy": 15,
      "snapOnGrid": false
    }
  }
}