{
  "_fv": 34,
  "_type": "recipe",
  "definition": {
    "recipeType": "Crafting",
    "xpReward": 0.0,
    "cookingTime": 200,
    "recipeRetstackSize": 1,
    "group": "pressermk2recipe",
    "recipeShapeless": false,
    "recipeSlots": [
      {
        "value": "CUSTOM:DiamondSteelblock"
      },
      {
        "value": "CUSTOM:Cpu"
      },
      {
        "value": "CUSTOM:DiamondSteelblock"
      },
      {
        "value": "CUSTOM:Highspeedconectoritem"
      },
      {
        "value": "CUSTOM:Presserblock"
      },
      {
        "value": "CUSTOM:Highspeedconectoritem"
      },
      {
        "value": "CUSTOM:DiamondSteelblock"
      },
      {
        "value": "CUSTOM:Heavyframe"
      },
      {
        "value": "CUSTOM:DiamondSteelblock"
      }
    ],
    "recipeReturnStack": {
      "value": "CUSTOM:PresserMK2"
    },
    "name": "presser_mk_2_recipe",
    "namespace": "mod"
  }
}