{
  "_fv": 34,
  "_type": "recipe",
  "definition": {
    "recipeType": "Crafting",
    "xpReward": 0.0,
    "cookingTime": 200,
    "recipeRetstackSize": 1,
    "group": "presser",
    "recipeShapeless": false,
    "recipeSlots": [
      {
        "value": "CUSTOM:SteelBlock"
      },
      {
        "value": "Blocks.PISTON"
      },
      {
        "value": "CUSTOM:SteelBlock"
      },
      {
        "value": "Blocks.PISTON"
      },
      {
        "value": "CUSTOM:Highspeedconectoritem"
      },
      {
        "value": "Blocks.PISTON"
      },
      {
        "value": "CUSTOM:SteelBlock"
      },
      {
        "value": "Blocks.PISTON"
      },
      {
        "value": "CUSTOM:SteelBlock"
      }
    ],
    "recipeReturnStack": {
      "value": "CUSTOM:Presserblock"
    },
    "name": "presserrecipe",
    "namespace": "mod"
  }
}