{
  "_fv": 34,
  "_type": "gui",
  "definition": {
    "type": 1,
    "width": 176,
    "height": 166,
    "inventoryOffsetX": 0,
    "inventoryOffsetY": 0,
    "renderBgLayer": true,
    "doesPauseGame": false,
    "components": [
      {
        "type": "label",
        "data": {
          "text": "Presser MK1",
          "color": {
            "value": -13421773,
            "falpha": 0.0
          },
          "name": "Presser MK1",
          "x": 163,
          "y": 41
        }
      },
      {
        "type": "inputslot",
        "data": {
          "inputLimit": {
            "value": ""
          },
          "id": 0,
          "disableStackInteraction": false,
          "dropItemsWhenNotBound": true,
          "name": "Slot #0",
          "x": 231,
          "y": 55
        }
      },
      {
        "type": "outputslot",
        "data": {
          "id": 1,
          "disableStackInteraction": false,
          "dropItemsWhenNotBound": true,
          "name": "Slot #1",
          "x": 231,
          "y": 95
        }
      },
      {
        "type": "label",
        "data": {
          "text": "Working",
          "color": {
            "value": -16738048,
            "falpha": 0.0
          },
          "displayCondition": {
            "name": "GeneratorWorkingLabel"
          },
          "name": "Working",
          "x": 232,
          "y": 78
        }
      },
      {
        "type": "label",
        "data": {
          "text": "<BNBT:text:RecipePower>",
          "color": {
            "value": -16763956,
            "falpha": 0.0
          },
          "name": "<BNBT:text:RecipePower>",
          "x": 234,
          "y": 41
        }
      },
      {
        "type": "image",
        "data": {
          "image": "mamguienergy.png",
          "use1Xscale": false,
          "displayCondition": {
            "name": "GeneratorWorkingLabel"
          },
          "name": "mamguienergy.png",
          "x": 217,
          "y": 75
        }
      },
      {
        "type": "image",
        "data": {
          "image": "industrial.png",
          "use1Xscale": false,
          "name": "industrial.png",
          "x": 176,
          "y": 53
        }
      },
      {
        "type": "label",
        "data": {
          "text": "=",
          "color": {
            "value": -12829636,
            "falpha": 0.0
          },
          "name": "=",
          "x": 160,
          "y": 56
        }
      },
      {
        "type": "label",
        "data": {
          "text": "2",
          "color": {
            "value": -12829636,
            "falpha": 0.0
          },
          "name": "2",
          "x": 132,
          "y": 56
        }
      },
      {
        "type": "image",
        "data": {
          "image": "coal_block_gui.png",
          "use1Xscale": false,
          "name": "coal_block_gui.png",
          "x": 140,
          "y": 53
        }
      },
      {
        "type": "label",
        "data": {
          "text": "1",
          "color": {
            "value": -12829636,
            "falpha": 0.0
          },
          "name": "1",
          "x": 171,
          "y": 56
        }
      },
      {
        "type": "image",
        "data": {
          "image": "gold_ingot.png",
          "use1Xscale": false,
          "name": "gold_ingot.png",
          "x": 177,
          "y": 74
        }
      },
      {
        "type": "image",
        "data": {
          "image": "caterium_block.png",
          "use1Xscale": false,
          "name": "caterium_block.png",
          "x": 140,
          "y": 74
        }
      },
      {
        "type": "label",
        "data": {
          "text": "2",
          "color": {
            "value": -12829636,
            "falpha": 0.0
          },
          "name": "2",
          "x": 132,
          "y": 77
        }
      },
      {
        "type": "label",
        "data": {
          "text": "1",
          "color": {
            "value": -12829636,
            "falpha": 0.0
          },
          "name": "1",
          "x": 171,
          "y": 77
        }
      },
      {
        "type": "label",
        "data": {
          "text": "=",
          "color": {
            "value": -12829636,
            "falpha": 0.0
          },
          "name": "=",
          "x": 160,
          "y": 77
        }
      }
    ],
    "gridSettings": {
      "sx": 18,
      "sy": 18,
      "ox": 11,
      "oy": 15,
      "snapOnGrid": false
    }
  }
}