{
  "_fv": 34,
  "_type": "enchantment",
  "definition": {
    "name": "Smelter",
    "type": "DIGGER",
    "rarity": "VERY_RARE",
    "minLevel": 1,
    "maxLevel": 1,
    "damageModifier": 0,
    "compatibleEnchantments": [],
    "excludeEnchantments": false,
    "compatibleItems": [
      {
        "value": "CUSTOM:DiamondSteelpickaxe"
      },
      {
        "value": "Items.WOODEN_PICKAXE"
      },
      {
        "value": "Items.STONE_PICKAXE"
      },
      {
        "value": "Items.IRON_PICKAXE"
      },
      {
        "value": "Items.GOLDEN_PICKAXE"
      },
      {
        "value": "Items.DIAMOND_PICKAXE"
      },
      {
        "value": "Items.NETHERITE_PICKAXE"
      },
      {
        "value": "CUSTOM:SteelToolSPickaxe"
      }
    ],
    "excludeItems": false,
    "isTreasureEnchantment": false,
    "isCurse": false,
    "isAllowedOnBooks": true,
    "canGenerateInLootTables": true,
    "canVillagerTrade": true
  }
}